<?xml version="1.0" encoding="UTF-8" standalone="yes"?>
<addon id="script.module.musicbrainz"
       name="Musicbrainz NGS webservice python bindings"
       version="0.7.1"
       provider-name="marcelveldt,wuff">
  <requires>
      <!-- <import addon="xbmc.python" version="2.24.0"/> -->
  </requires>
  <extension point="xbmc.python.module"
             library="lib" />
  <extension point="xbmc.addon.metadata">
    <summary>Python bindings for Musicbrainz' NGS webservice</summary>
    <description>Kodi module library for the Python bindings for Musicbrainz' NGS webservice developed by alastair.</description>
    <license>GNU GENERAL PUBLIC LICENSE Version 2</license>
    <source>https://github.com/marcelveldt/script.module.musicbrainz</source>
    <platform>all</platform>
    <news>v0.7.1: Bump library to 0.7.1 and remove Kodi python2 requirement (wuff)</news>
  </extension>
</addon>
