﻿<?xml version="1.0" encoding="UTF-8" standalone="yes"?>
    <addon id="script.skin.helper.skinbackup" name="Skin Helper Service Skin Backup" version="1.0.25" provider-name="marcelveldt, wuff">
    <requires>
	    <!-- <import addon="xbmc.python" version="3.0.0"/> -->
        <import addon="xbmc.addon" version="12.0.0"/>
    </requires>
    <extension point="xbmc.python.script" library="default.py" />
    <extension library="service.py" point="xbmc.service" start="login" />

    <extension point="xbmc.addon.metadata">
        <summary lang="en">Helper service for Kodi skins</summary>
        <description>Helper service for Kodi skins</description>
        <news>
v1.0.25 (2020-10-04)
- remove duplicate slash in zip path preventing zip to be copied in backup
- sort backups in descending order and only show backupdate

v1.0.24 (2020-09-15)
- replace ListItem iconImage with setArt

v1.0.23 (2020-09-12)
- Fix icon

v1.0.22 (2020-09-07)
- Replace xbmc.translatePath wiht xbmcvfs.translatePath for Kodi 19 compat

v1.0.21 (2020-05-16)
- Remove python requirement for Kodi 18/19 compat

v1.0.20 (2020-01-02)
- Kodi 19/Python 3 compatibility
- default to configured backup folder in restore dialog
- skip restore if no zip file selected

v1.0.19 (2018-03-30)
- last version from marcelveldt
        </news>
        <language></language>
        <assets>
            <icon>icon.png</icon>
        </assets>
        <platform>all</platform>
        <license>GPL v2.0</license>
        <forum>http://forum.kodi.tv/showthread.php?tid=235676</forum>
        <website></website>
        <source>https://github.com/AnonTester/script.skin.helper.skinbackup</source>
    </extension>
</addon>
