<?xml version="1.0" encoding="UTF-8" standalone="yes"?>
<addon id="plugin.program.sonarr" name="Sonarr" version="0.0.9" provider-name="GB160, wuff">
    <requires>
        <!-- <import addon="xbmc.python" version="3.0.0"/> -->
        <import addon="script.module.requests" version="2.9.1"/>
    </requires>
    <extension point="xbmc.python.pluginsource" library="addon.py">
        <provides>executable</provides>
    </extension>
    <extension point="xbmc.addon.metadata">
        <reuselanguageinvoker>false</reuselanguageinvoker>
        <language/>
        <summary lang="en">Sonarr</summary>
        <description lang="en">Addon to communicate with sonarr</description>
        <platform>all</platform>
        <license>GNU General Public License v3</license>
        <forum></forum>
        <source>https://github.com/gb160/gb160-kodi-addons</source>
        <email></email>
        <news>
0.0.9 (2020-09-13)
- replace xbmc.LOGNOTICE with xbmc.LOGINFO as LOGNOTICE was removed

0.0.8 (2020-09-08)
- Fix poster/fanart images
- Add plot to left sidebar
- Add percentage of episodes to show name
- Add show status to show name

0.0.7 (2019-11-27)
- Python 3 migration

0.0.6
- Last version by GB160 on 26/Jun/2018
        </news>
        <assets>
            <icon>icon.png</icon>
            <fanart>fanart.jpg</fanart>
        </assets>
    </extension>
</addon>
