<?xml version="1.0" encoding="UTF-8" standalone="yes"?>
<addon id="service.subtitles.subscene.foreignonly"
       name="Subscene.com (ForeignOnly)"
       version="1.9.2"
       provider-name="jarmo, wuff">
    <requires>
	    <!-- <import addon="xbmc.python" version="3.0.0"/> -->
    </requires>
    <extension point="xbmc.subtitle.module"
               library="service.py"/>
    <extension point="xbmc.addon.metadata">
        <summary lang="en">Get subtitles for the foreign parts only from Subscene.com</summary>
        <description lang="en">Fork of jarmo's subscene subtitle addon (https://github.com/jarmo/service.subtitles.subscene). The main difference is that it shows subs for foreign parts only. </description>
        <disclaimer lang="en"/>
        <platform>all</platform>
        <language/>
        <license>GNU GENERAL PUBLIC LICENSE. Version 2, June 1991</license>
        <forum>https://forum.kodi.tv/showthread.php?tid=340977</forum>
        <website/>
        <email/>
	<source>https://github.com/AnonTester/service.subtitles.subscene.foreignonly</source>
    </extension>
</addon>
