<?xml version="1.0" encoding="UTF-8" standalone="yes"?>
<addon id="service.subtitles.subscene.foreignonly"
       name="Subscene.com (ForeignOnly)"
       version="1.9.4"
       provider-name="jarmo, wuff">
    <requires>
        <!-- <import addon="xbmc.python" version="3.0.0"/> -->
    </requires>
    <extension point="xbmc.subtitle.module"
               library="service.py"/>
    <extension point="xbmc.addon.metadata">
        <summary lang="en">Get subtitles for the foreign parts only from Subscene.com</summary>
        <description lang="en">Fork of jarmo's subscene subtitle addon (https://github.com/jarmo/service.subtitles.subscene). The main difference is that it shows subs for foreign parts only. </description>
        <disclaimer lang="en"/>
        <platform>all</platform>
        <language/>
        <license>GNU GENERAL PUBLIC LICENSE. Version 2, June 1991</license>
        <forum>https://forum.kodi.tv/showthread.php?tid=340977</forum>
        <website/>
        <email/>
        <source>https://github.com/AnonTester/service.subtitles.subscene.foreignonly</source>
        <news>
1.9.4
- Adjust windows/linux path when extracting on Kodi19 (wuff)
- replace deprecated HTMLParser.unescape with html.unescape for Kodi19 (wuff)

1.9.3 (wuff)
- Fix unicode issue in language preferences

1.9.2 (wuff)
- Replace xbmc.translatePath with xbmcvfs.translatePath for Kodi 19

1.9.1 (wuff)
- Fix extracting archives
- Fix filename search (StefanRvO)
- Remove python requirement for backward compatibility pre Kodi 19

1.9.0 (jarmo)
- Kodi 19 only release

1.8.2 (wuff)
- Fix python 3 tv show subtitle search

1.8.1 (wuff)
- Kodi 19 / Python 3 compatibility
- Add line break after subtitle title and before subtitle comments 
- Change comment colour to silver for improved contrast of selected entries

1.8.0 (jarmo)
- fix searching for subtitles
</news>
    </extension>
</addon>
