<?xml version="1.0" encoding="UTF-8"?>
<addon id="skin.estuary.modv2" version="3.0.10" name="Estuary MOD V2 (KODI 18/19)" provider-name="Guilouz, wuff">
	<requires>
		<!-- <import addon="xbmc.gui" version="5.14.0"/> -->
		<import addon="script.skinshortcuts" version="0.6.5"/>
		<import addon="script.skin.helper.service" version="1.0.0"/>
        <import addon="script.skin.helper.widgets" version="1.0.0"/>
        <import addon="script.image.resource.select" version="1.0.0"/>
	</requires>
	<extension point="xbmc.gui.skin" debugging="false">
		<res width="1920" height="1440" aspect="4:3" default="false" folder="xml" />
		<res width="1920" height="1280" aspect="3:2" default="false" folder="xml" />
		<res width="1920" height="1200" aspect="16:10" default="false" folder="xml" />
		<res width="2040" height="1080" aspect="17:9" default="false" folder="xml" />
		<res width="1920" height="1080" aspect="16:9" default="true" folder="xml" />
		<res width="2338" height="1080" aspect="19.5:9" default="false" folder="xml" />
 		<res width="2160" height="1080" aspect="18:9" default="false" folder="xml" />
		<res width="2560" height="1080" aspect="21:9" default="false" folder="xml" />
	</extension>
	<extension point="xbmc.service" library="scripts/viewswitcher.py" visible="!String.IsEmpty(Window(home).Property(CurrentSkin)) + Skin.HasSetting(ForcedViews.Enabled)" />
	<extension point="kodi.context.item">
      	<menu id="kodi.core.main">
      		<item library="scripts/context_menu_jumptoletter.py">
 				<label>$LOCALIZE[40165]</label>
 				<visible>!String.IsEmpty(Window(home).Property(CurrentSkin)) + [String.IsEqual(ListItem.dbtype,movie) | String.IsEqual(ListItem.dbtype,set) | String.IsEqual(ListItem.dbtype,tvshow) | String.IsEqual(ListItem.dbtype,artist) | String.IsEqual(ListItem.dbtype,album) | String.IsEqual(ListItem.dbtype,musicvideo) | Container.Content(addons)] + !Window.IsVisible(Home)</visible>
 			</item>
      		<item library="scripts/context_menu_moviessets.py">
 				<label>$LOCALIZE[40181]</label>
 				<visible>!String.IsEmpty(Window(home).Property(CurrentSkin)) + String.IsEqual(ListItem.DBType,set) + !Window.IsVisible(Home)</visible>
 			</item>
      		<item library="scripts/context_menu_extendedinfo.py">
        		<label>$LOCALIZE[40182]</label>
        		<visible>!String.IsEmpty(Window(home).Property(CurrentSkin)) + System.HasAddon(script.extendedinfo) + !System.HasAddon(context.extendedinfo.dialog) + [String.IsEqual(ListItem.dbtype,movie) | String.IsEqual(ListItem.dbtype,tvshow) | String.IsEqual(ListItem.dbtype,season) | String.IsEqual(ListItem.dbtype,actor) | String.IsEqual(ListItem.dbtype,director)]</visible>
      		</item>
    	</menu>
 	</extension>
	<extension point="xbmc.addon.metadata">
		<summary lang="en_GB">Estuary MOD V2 skin by Guilouz</summary>
		<summary lang="fr_FR">Thème Estuary MOD V2 par Guilouz</summary>
		<description lang="en_GB">Estuary MOD V2 is a mod from Estuary by Guilouz for Kodi 18. It attempts to be easy for first time Kodi users to understand and use.</description>
		<description lang="fr_FR">Estuary MOD V2 est un mod de Estuary par Guilouz pour Kodi 18. Il est facile à comprendre et à utiliser pour les utilisateurs novices de Kodi.</description>
		<disclaimer lang="en_GB">For better experience, be sure to install all addons required by the theme.</disclaimer>
		<disclaimer lang="fr_FR">Pour une meilleure expérience, assurez-vous d'installer toutes les extensions requises par le thème.</disclaimer>
		<platform>all</platform>
		<license>CC BY-SA 4.0, GNU GENERAL PUBLIC LICENSE Version 2.0</license>
		<source>https://github.com/Guilouz/repository.guilouz/tree/master/skin.estuary.modv2</source>
		<forum>https://forum.kodi.tv/showthread.php?tid=306757</forum>
			<assets>
				<icon>resources/icon.png</icon>
				<fanart>resources/fanart.jpg</fanart>
				<screenshot>resources/screenshot-01.jpg</screenshot>
				<screenshot>resources/screenshot-02.jpg</screenshot>
				<screenshot>resources/screenshot-03.jpg</screenshot>
				<screenshot>resources/screenshot-04.jpg</screenshot>
				<screenshot>resources/screenshot-05.jpg</screenshot>
				<screenshot>resources/screenshot-06.jpg</screenshot>
				<screenshot>resources/screenshot-07.jpg</screenshot>
				<screenshot>resources/screenshot-08.jpg</screenshot>
				<screenshot>resources/screenshot-09.jpg</screenshot>
				<screenshot>resources/screenshot-10.jpg</screenshot>
				<screenshot>resources/screenshot-11.jpg</screenshot>
			</assets>
			<news>
v3.0.10
- replace xbmc.LOGNOTICE with xbmc.LOGINFO as LOGNOTICE was removed

v3.0.9
- Fix webrip not recognised as web-dl flag
- Further fix for web-dl flag icon with movies with 'web' in filename
- Fix upnext popup notifications

v3.0.8
- Remove xbmc.gui version requirement for Kodi19 compatibility

v3.0.7
- Fix musicvideo db titles not showing artist

v3.0.6 (2019-02-05)
Last version by Guilouz
- Keyboard layout fixes
- Fix for web-dl flag icon with movies have 'web' word in their names
			</news>
	</extension>
</addon>
