<?xml version="1.0" encoding="UTF-8" standalone="yes"?>
<addon id="service.subtitles.subscene"
       name="Subscene.com"
       version="1.9.3"
       provider-name="jarmo, wuff">
    <requires>
        <!-- <import addon="xbmc.python" version="3.0.0"/> -->
    </requires>
    <extension point="xbmc.subtitle.module"
               library="service.py"/>
    <extension point="xbmc.addon.metadata">
        <summary lang="en">Get subtitles from Subscene.com</summary>
        <description lang="en">Subscene.com provides subtitles in more than 50 languages, mainly in English, Arabic, Brazilian Portuguese, Farsi, Indonesian and Vietnamese.
        Other languages with a great number of subtitles are: Danish, French, Swedish, Dutch, Italian, Norwegian and Spanish.[CR][CR]Note: Needs kodi-vfs-rar and/or kodi-vfs-libarchive addon to extract rar files.</description>
        <disclaimer lang="en"/>
        <platform>all</platform>
        <language/>
        <license>GNU GENERAL PUBLIC LICENSE. Version 2, June 1991</license>
        <forum>http://forum.xbmc.org/showthread.php?tid=184854</forum>
        <website/>
        <email/>
        <source>https://github.com/jarmo/service.subtitles.subscene</source>
        <news>
1.9.3 (backport changes from foreignonly version)
- Fix extracting archives on Kodi19 (wuff)
- Remove python requirement for both Kodi 18/19 compatibility (wuff)
- Replace xbmc.translatePath with xbmcvfs.translatePath for Kodi19 (wuff)
- Fix unicode issue in language preferences (wuff)
- Fix filename search by not calling str on tuple (StefanRvO)

1.9.0
- split Kodi 18/19 release, but version still 1.8.2 (jarmo)

1.8.2
- Fix python 3 tv show subtitle search (wuff)

1.8.1
- Kodi 19 / Python 3 compatibility (wuff)
- Add line break after subtitle title and before subtitle comments (wuff)
- Change comment colour to silver for improved contrast of selected entries (wuff)

1.8.0
- fix searching for subtitles (jarmo)
</news>
    </extension>
</addon>
